Age,Attrition,BusinessTravel,DistanceFromHome,Gender,MaritalStatus,JobLevel,MonthlyIncome,JobSatisfaction
41,Yes,Travel_Rarely,10,Female,Single,2,5993,4
49,No,Travel_Frequently,80,Male,Married,2,5130,4
37,Yes,Travel_Rarely,20,Male,Single,1,2090,2
33,No,Travel_Frequently,30,Female,Married,1,2909,3
27,No,Travel_Rarely,20,Male,Married,1,3468,3
32,No,Travel_Frequently,20,Male,Single,1,3068,3
59,No,Travel_Rarely,30,Female,Married,1,2670,3
30,No,Travel_Rarely,240,Male,Divorced,1,2693,3
38,No,Travel_Frequently,230,Male,Single,3,9526,5
36,No,Travel_Rarely,270,Male,Married,2,5237,4
35,No,Travel_Rarely,160,Male,Married,1,2426,2
29,No,Travel_Rarely,150,Female,Single,2,4193,3
31,No,Travel_Rarely,260,Male,Divorced,1,2911,3
34,No,Travel_Rarely,190,Male,Divorced,1,2661,3
28,Yes,Travel_Rarely,240,Male,Single,1,2028,2
29,No,Travel_Rarely,210,Female,Divorced,3,9980,4
32,No,Travel_Rarely,50,Male,Divorced,1,3298,3
22,No,Non-Travel,160,Male,Divorced,1,2935,3
53,No,Travel_Rarely,20,Female,Married,4,15427,5
38,No,Travel_Rarely,20,Male,Single,1,3944,3
24,No,Non-Travel,110,Female,Divorced,2,4011,3
36,Yes,Travel_Rarely,90,Male,Single,1,3407,3
34,No,Travel_Rarely,70,Female,Single,3,11994,5
21,No,Travel_Rarely,150,Male,Single,1,1232,1
34,Yes,Travel_Rarely,60,Male,Single,1,2960,3
53,No,Travel_Rarely,50,Female,Divorced,5,19094,4
32,Yes,Travel_Frequently,160,Female,Single,1,3919,3
42,No,Travel_Rarely,80,Male,Married,2,6825,4
44,No,Travel_Rarely,70,Female,Married,3,10248,5
46,No,Travel_Rarely,20,Female,Single,5,18947,5
33,No,Travel_Rarely,20,Male,Single,1,2496,2
44,No,Travel_Rarely,100,Male,Married,2,6465,4
30,No,Travel_Rarely,90,Male,Single,1,2206,2
39,Yes,Travel_Rarely,50,Male,Married,2,2086,2
24,Yes,Travel_Rarely,10,Male,Married,1,2293,2
43,No,Travel_Rarely,20,Female,Divorced,1,2645,3
50,Yes,Travel_Rarely,30,Male,Married,1,2683,3
35,No,Travel_Rarely,20,Female,Married,1,2014,2
36,No,Travel_Rarely,50,Female,Married,1,3419,3
33,No,Travel_Frequently,10,Female,Married,2,5376,4
35,No,Travel_Rarely,40,Male,Divorced,1,1951,2
27,No,Travel_Rarely,20,Female,Divorced,1,2341,2
26,Yes,Travel_Rarely,250,Male,Single,1,2293,2
27,No,Travel_Frequently,80,Male,Single,3,8726,5
30,No,Travel_Frequently,10,Female,Single,2,4011,3
41,Yes,Travel_Rarely,120,Female,Married,5,19545,5
34,No,Non-Travel,230,Male,Single,2,4568,3
37,No,Travel_Rarely,190,Male,Married,1,3022,3
46,No,Travel_Frequently,50,Male,Single,2,5772,4
35,No,Travel_Rarely,80,Male,Married,1,2269,2
48,Yes,Travel_Rarely,10,Male,Single,3,5381,4
28,Yes,Travel_Rarely,50,Male,Single,1,3441,3
44,No,Travel_Rarely,10,Female,Divorced,2,5454,3
35,No,Non-Travel,110,Male,Married,3,9884,5
26,No,Travel_Rarely,230,Female,Married,2,4157,3
33,No,Travel_Frequently,10,Female,Single,3,13458,5
35,No,Travel_Frequently,180,Male,Married,3,9069,5
35,No,Travel_Rarely,230,Female,Married,1,4014,3
31,No,Travel_Rarely,70,Male,Divorced,2,5915,3
37,No,Travel_Rarely,10,Male,Divorced,2,5993,3
32,No,Travel_Rarely,10,Male,Married,2,6162,4
38,No,Travel_Frequently,290,Female,Single,2,2406,2
50,No,Travel_Rarely,70,Female,Divorced,5,18740,4
59,No,Travel_Rarely,250,Female,Single,3,7637,5
36,No,Travel_Rarely,80,Female,Divorced,3,10096,4
55,No,Travel_Rarely,80,Female,Divorced,4,14756,4
36,No,Travel_Frequently,110,Male,Single,2,6499,4
45,No,Travel_Rarely,70,Male,Divorced,3,9724,4
35,No,Travel_Frequently,10,Male,Married,1,2194,2
36,Yes,Travel_Rarely,90,Male,Married,1,3388,3
59,No,Travel_Frequently,10,Female,Single,2,5473,4
29,No,Travel_Rarely,20,Male,Married,1,2703,3
31,No,Travel_Rarely,10,Male,Single,1,2501,3
32,No,Travel_Rarely,10,Male,Married,2,6220,4
36,No,Travel_Rarely,60,Female,Married,1,3038,3
31,No,Travel_Rarely,80,Female,Single,2,4424,3
35,No,Travel_Rarely,10,Male,Single,2,4312,3
45,No,Travel_Rarely,60,Male,Married,3,13245,5
37,No,Travel_Rarely,70,Male,Single,3,13664,5
46,No,Travel_Rarely,50,Male,Divorced,2,5021,3
30,No,Travel_Rarely,10,Male,Married,2,5126,4
35,No,Travel_Rarely,10,Male,Single,1,2859,3
55,No,Travel_Rarely,10,Male,Married,3,10239,5
38,No,Non-Travel,60,Female,Divorced,2,5329,3
34,No,Travel_Rarely,10,Male,Married,2,4325,3
56,No,Travel_Rarely,70,Male,Single,3,7260,5
23,No,Travel_Rarely,20,Male,Divorced,1,2322,2
51,No,Travel_Rarely,90,Male,Married,1,2075,2
30,No,Travel_Rarely,20,Male,Married,2,4152,3
46,Yes,Travel_Rarely,90,Male,Single,3,9619,5
40,No,Travel_Frequently,10,Male,Married,4,13503,5
51,No,Travel_Rarely,210,Male,Single,2,5441,4
30,No,Travel_Rarely,40,Female,Divorced,2,5209,3
46,No,Travel_Frequently,10,Male,Married,3,10673,5
32,No,Travel_Rarely,60,Male,Single,2,5010,4
54,No,Travel_Rarely,20,Female,Married,3,13549,5
24,No,Travel_Rarely,30,Female,Married,2,4999,3
28,No,Non-Travel,40,Male,Married,2,4221,3
58,No,Travel_Rarely,100,Male,Single,4,13872,5
44,No,Non-Travel,230,Male,Married,2,2042,2
37,Yes,Travel_Rarely,60,Male,Divorced,1,2073,2
32,No,Travel_Rarely,10,Male,Single,1,2956,3
20,Yes,Travel_Frequently,60,Female,Single,1,2926,3
34,No,Travel_Rarely,60,Female,Single,2,4809,3
37,No,Non-Travel,20,Male,Divorced,2,5163,3
59,No,Non-Travel,20,Female,Married,5,18844,5
50,No,Travel_Frequently,10,Female,Married,5,18172,5
25,Yes,Travel_Rarely,50,Male,Single,2,5744,4
25,No,Travel_Rarely,70,Male,Married,1,2889,3
22,No,Travel_Rarely,150,Female,Single,1,2871,3
51,No,Travel_Frequently,10,Female,Single,3,7484,5
34,Yes,Travel_Frequently,70,Male,Single,2,6074,4
54,No,Non-Travel,260,Female,Single,4,17328,5
24,No,Travel_Rarely,180,Male,Married,1,2774,3
34,No,Travel_Rarely,60,Female,Divorced,2,4505,3
37,No,Travel_Rarely,30,Male,Single,3,7428,5
34,No,Travel_Rarely,50,Female,Single,3,11631,5
36,No,Travel_Frequently,110,Female,Married,3,9738,5
36,No,Travel_Rarely,30,Female,Divorced,1,2835,3
43,No,Travel_Frequently,260,Male,Married,4,16959,5
30,No,Travel_Frequently,230,Male,Divorced,1,2613,3
33,No,Non-Travel,220,Male,Married,2,6146,4
56,Yes,Travel_Rarely,140,Female,Married,1,4963,3
51,No,Travel_Rarely,60,Male,Single,5,19537,5
31,Yes,Travel_Rarely,60,Male,Married,2,6172,4
26,No,Travel_Rarely,60,Female,Married,1,2368,2
58,Yes,Travel_Rarely,230,Female,Married,3,10312,5
19,Yes,Travel_Rarely,220,Male,Single,1,1675,2
22,No,Travel_Rarely,20,Male,Married,1,2523,3
49,No,Travel_Rarely,200,Female,Married,2,6567,4
43,No,Travel_Frequently,280,Female,Single,1,4739,3
50,No,Travel_Frequently,120,Female,Single,3,9208,5
31,Yes,Travel_Rarely,200,Female,Married,2,4559,3
41,No,Travel_Rarely,90,Male,Divorced,3,8189,4
26,No,Travel_Rarely,250,Female,Married,1,2942,3
36,No,Travel_Rarely,60,Male,Divorced,2,4941,3
51,Yes,Travel_Frequently,80,Male,Single,3,10650,5
39,No,Travel_Rarely,40,Female,Married,2,5902,4
25,No,Travel_Rarely,280,Male,Married,2,8639,5
30,No,Travel_Rarely,90,Male,Married,2,6347,4
32,Yes,Travel_Rarely,90,Female,Single,1,4200,3
45,No,Travel_Rarely,290,Male,Single,1,3452,3
38,No,Travel_Rarely,30,Female,Single,2,4317,3
30,No,Travel_Rarely,180,Female,Single,1,2632,3
32,No,Travel_Frequently,90,Male,Divorced,2,4668,3
30,No,Travel_Rarely,50,Female,Divorced,1,3204,3
30,No,Travel_Rarely,20,Male,Single,1,2720,3
41,No,Travel_Frequently,100,Male,Divorced,4,17181,4
41,No,Travel_Rarely,90,Male,Married,1,2238,2
19,No,Travel_Rarely,30,Female,Single,1,1483,1
40,No,Travel_Frequently,260,Female,Divorced,2,5605,3
35,No,Travel_Rarely,10,Male,Married,3,7295,5
53,No,Travel_Rarely,60,Male,Married,2,2306,2
45,No,Travel_Rarely,90,Male,Divorced,2,2348,2
32,No,Travel_Frequently,80,Female,Single,3,8998,5
29,No,Non-Travel,10,Male,Married,2,4319,3
51,No,Travel_Rarely,70,Male,Married,2,6132,4
58,No,Travel_Rarely,90,Female,Married,1,3346,3
40,No,Travel_Rarely,40,Male,Married,3,10855,5
34,No,Travel_Frequently,20,Female,Married,1,2231,2
22,No,Travel_Rarely,190,Male,Married,1,2323,2
27,No,Non-Travel,90,Male,Divorced,1,2024,2
28,No,Travel_Rarely,210,Male,Married,1,2713,3
57,No,Travel_Rarely,240,Male,Divorced,3,9439,4
27,No,Non-Travel,30,Male,Divorced,1,2566,3
50,No,Travel_Rarely,110,Female,Single,5,19926,5
41,No,Travel_Rarely,140,Male,Divorced,1,2451,2
30,No,Travel_Rarely,50,Female,Married,3,9419,5
38,No,Travel_Rarely,10,Female,Single,2,8686,5
32,No,Travel_Rarely,60,Male,Single,1,3038,3
27,No,Travel_Rarely,170,Male,Married,1,3058,3
19,Yes,Travel_Frequently,10,Female,Single,1,2325,2
36,No,Travel_Frequently,30,Male,Single,1,2088,2
30,No,Non-Travel,90,Male,Divorced,2,3072,3
45,No,Travel_Rarely,40,Female,Divorced,2,5006,3
56,No,Travel_Rarely,80,Female,Divorced,1,4257,3
33,No,Travel_Rarely,20,Male,Single,1,2500,2
19,Yes,Travel_Rarely,20,Male,Single,1,1102,1
46,No,Travel_Rarely,10,Female,Divorced,3,10453,4
38,No,Travel_Rarely,90,Female,Single,1,2288,2
31,No,Travel_Rarely,120,Female,Married,1,3929,3
34,No,Travel_Rarely,270,Female,Single,1,2311,2
41,Yes,Travel_Rarely,200,Female,Single,1,3140,3
50,No,Travel_Rarely,10,Male,Married,1,3690,3
53,No,Travel_Rarely,130,Female,Divorced,2,4450,3
33,No,Travel_Rarely,140,Female,Married,1,2756,3
40,No,Travel_Rarely,40,Female,Married,5,19033,5
55,No,Travel_Rarely,140,Male,Single,5,18722,5
34,No,Travel_Frequently,20,Male,Married,2,9547,5
51,No,Travel_Rarely,30,Female,Single,4,13734,5
52,No,Travel_Rarely,10,Male,Married,5,19999,5
27,No,Travel_Rarely,90,Female,Single,1,2279,2
35,Yes,Travel_Rarely,230,Male,Married,2,5916,4
43,No,Non-Travel,70,Male,Divorced,1,2089,2
45,No,Non-Travel,20,Male,Married,4,16792,5
37,No,Travel_Rarely,210,Male,Married,1,3564,3
35,No,Travel_Frequently,20,Female,Single,2,4425,3
42,No,Non-Travel,210,Female,Divorced,2,5265,3
38,No,Travel_Rarely,20,Male,Married,2,6553,4
38,No,Travel_Rarely,290,Male,Married,2,6261,4
27,No,Travel_Frequently,10,Male,Married,2,4298,3
49,No,Non-Travel,180,Male,Divorced,2,6804,3
34,No,Travel_Frequently,100,Male,Divorced,1,3815,3
40,No,Travel_Rarely,190,Male,Married,2,2741,3
38,Yes,Travel_Rarely,290,Male,Married,2,6673,4
29,Yes,Travel_Rarely,270,Female,Married,3,7639,5
22,No,Travel_Rarely,50,Male,Divorced,1,2328,2
36,No,Travel_Frequently,180,Female,Single,1,2153,2
40,No,Non-Travel,90,Male,Married,2,4876,3
46,No,Travel_Rarely,10,Male,Divorced,3,9396,4
32,Yes,Travel_Rarely,40,Male,Married,3,10400,5
30,No,Non-Travel,10,Male,Single,3,8474,5
27,No,Travel_Frequently,200,Female,Single,2,9981,5
51,No,Travel_Rarely,80,Male,Married,3,12490,5
30,Yes,Travel_Rarely,30,Female,Single,1,2657,3
41,No,Travel_Rarely,60,Female,Single,3,13591,5
30,Yes,Travel_Frequently,260,Female,Single,2,6696,4
29,Yes,Travel_Rarely,10,Male,Single,1,2058,2
45,No,Non-Travel,60,Female,Single,3,8865,5
54,No,Travel_Rarely,30,Female,Married,2,5940,4
36,No,Travel_Rarely,50,Male,Single,2,5914,4
33,No,Travel_Rarely,40,Female,Married,1,2622,3
37,No,Travel_Frequently,110,Male,Divorced,3,12185,4
38,No,Travel_Rarely,30,Male,Divorced,3,10609,4
31,No,Non-Travel,10,Male,Married,2,4345,3
59,No,Travel_Rarely,30,Male,Married,1,2177,2
37,No,Travel_Frequently,40,Male,Divorced,1,2793,3
29,No,Travel_Frequently,10,Female,Married,3,7918,5
35,No,Travel_Frequently,10,Female,Single,3,8789,5
29,Yes,Travel_Rarely,180,Male,Single,1,2389,2
52,No,Travel_Rarely,20,Female,Single,1,3212,3
42,No,Travel_Rarely,40,Male,Married,5,19232,5
59,No,Travel_Rarely,60,Male,Married,1,2267,2
50,No,Travel_Rarely,10,Female,Divorced,5,19517,4
33,Yes,Travel_Rarely,140,Male,Married,1,2436,2
43,No,Travel_Rarely,160,Female,Married,4,16064,5
33,Yes,Travel_Rarely,20,Female,Married,1,2707,3
52,No,Non-Travel,20,Male,Single,5,19068,5
32,No,Travel_Rarely,40,Female,Married,1,3931,3
32,Yes,Travel_Rarely,10,Male,Single,1,3730,3
39,No,Travel_Rarely,10,Female,Divorced,1,2232,2
32,No,Non-Travel,260,Male,Married,2,4465,3
41,No,Travel_Rarely,190,Male,Divorced,2,3072,3
40,No,Travel_Rarely,240,Male,Divorced,2,3319,3
45,No,Travel_Rarely,10,Male,Married,5,19202,5
31,No,Travel_Frequently,30,Male,Divorced,3,13675,4
33,No,Travel_Rarely,50,Female,Married,1,2911,3
34,No,Travel_Rarely,20,Male,Married,2,5957,4
37,No,Travel_Rarely,10,Female,Married,1,3920,3
45,No,Travel_Frequently,70,Male,Married,2,6434,4
37,Yes,Travel_Frequently,100,Male,Divorced,3,10048,4
39,No,Travel_Frequently,20,Female,Single,3,10938,5
29,No,Travel_Rarely,150,Male,Single,1,2340,2
42,No,Travel_Rarely,170,Female,Single,2,6545,4
29,No,Travel_Rarely,200,Male,Divorced,2,6931,3
25,No,Travel_Rarely,10,Female,Married,2,4898,3
42,No,Travel_Rarely,20,Female,Divorced,1,2593,3
40,No,Travel_Rarely,20,Male,Divorced,5,19436,4
51,No,Travel_Rarely,10,Male,Married,1,2723,3
31,Yes,Travel_Frequently,290,Male,Single,1,3479,3
32,No,Travel_Frequently,70,Male,Married,1,2794,3
38,No,Non-Travel,20,Male,Married,2,5249,4
32,No,Travel_Rarely,20,Male,Single,2,2176,2
46,No,Travel_Rarely,20,Female,Married,4,16872,5
28,Yes,Travel_Rarely,20,Male,Single,1,3485,3
29,No,Travel_Rarely,20,Male,Married,2,6644,4
31,No,Travel_Rarely,230,Male,Married,2,5582,4
25,No,Non-Travel,50,Male,Divorced,2,4000,3
45,No,Travel_Rarely,200,Male,Married,4,13496,5
36,No,Travel_Rarely,60,Male,Married,1,3210,3
55,No,Travel_Rarely,10,Male,Single,5,19045,5
47,Yes,Non-Travel,290,Male,Married,3,11849,5
28,No,Travel_Rarely,90,Male,Married,1,2070,2
37,No,Travel_Rarely,60,Male,Married,2,6502,4
21,No,Travel_Rarely,30,Male,Single,1,3230,3
37,No,Non-Travel,10,Female,Divorced,3,13603,4
35,No,Travel_Rarely,220,Female,Divorced,3,11996,4
38,No,Travel_Rarely,70,Female,Divorced,2,5605,3
26,No,Travel_Frequently,10,Female,Divorced,2,6397,3
50,No,Travel_Rarely,40,Male,Divorced,5,19144,4
53,No,Travel_Rarely,30,Male,Married,4,17584,5
42,No,Travel_Rarely,10,Male,Married,2,4907,3
29,No,Travel_Frequently,20,Male,Single,2,4554,3
55,No,Travel_Rarely,200,Male,Married,2,5415,4
26,No,Travel_Frequently,110,Male,Married,2,4741,3
37,No,Travel_Rarely,10,Female,Single,1,2115,2
44,Yes,Travel_Frequently,240,Male,Divorced,1,3161,3
38,No,Travel_Rarely,230,Male,Divorced,2,5745,3
26,Yes,Travel_Rarely,160,Male,Divorced,1,2373,2
28,No,Travel_Rarely,80,Female,Single,1,3310,3
49,No,Travel_Frequently,100,Female,Single,5,18665,5
36,No,Travel_Rarely,30,Male,Single,2,4485,3
31,No,Travel_Frequently,50,Female,Divorced,1,2789,3
26,Yes,Travel_Rarely,40,Male,Single,2,5828,4
37,No,Travel_Frequently,90,Male,Married,1,2326,2
42,No,Travel_Frequently,260,Female,Married,4,13525,5
18,Yes,Travel_Rarely,30,Male,Single,1,1420,1
35,No,Travel_Rarely,160,Male,Married,3,8020,5
36,No,Travel_Frequently,180,Male,Married,1,3688,3
51,No,Travel_Rarely,20,Male,Divorced,2,5482,3
41,No,Travel_Rarely,20,Male,Single,4,16015,5
18,No,Travel_Rarely,100,Female,Single,1,1200,1
28,No,Travel_Rarely,160,Male,Single,2,5661,4
31,No,Travel_Rarely,70,Male,Married,2,6929,4
39,No,Travel_Rarely,10,Male,Divorced,3,9613,4
36,No,Non-Travel,240,Female,Married,2,5674,4
32,No,Travel_Rarely,70,Male,Married,2,5484,4
38,No,Travel_Rarely,250,Female,Married,3,12061,5
58,No,Non-Travel,10,Male,Divorced,2,5660,3
31,No,Travel_Rarely,50,Male,Married,1,4821,3
31,No,Travel_Rarely,20,Male,Married,2,6410,4
45,No,Travel_Frequently,70,Male,Divorced,3,5210,3
31,No,Travel_Rarely,20,Male,Divorced,1,2695,3
33,No,Travel_Frequently,50,Female,Married,3,11878,5
39,No,Travel_Rarely,100,Male,Married,4,17068,5
43,No,Travel_Frequently,100,Female,Single,1,2455,2
49,No,Travel_Rarely,10,Female,Single,4,13964,5
52,Yes,Travel_Rarely,80,Male,Married,2,4941,3
27,No,Travel_Rarely,50,Female,Single,1,2478,2
32,No,Travel_Rarely,80,Female,Married,2,5228,4
27,No,Travel_Rarely,20,Male,Single,2,4478,3
31,No,Travel_Rarely,70,Male,Divorced,2,7547,4
32,No,Travel_Rarely,20,Female,Single,2,5055,4
28,Yes,Travel_Rarely,20,Male,Married,1,3464,3
30,No,Travel_Rarely,280,Female,Married,2,5775,4
31,No,Travel_Frequently,70,Female,Married,3,8943,5
39,No,Travel_Frequently,70,Male,Married,5,19272,5
39,Yes,Travel_Rarely,30,Female,Married,2,5238,4
33,No,Travel_Frequently,100,Male,Single,2,4682,3
47,No,Travel_Rarely,50,Male,Married,5,18300,5
43,No,Travel_Frequently,100,Female,Divorced,2,5257,3
27,No,Non-Travel,10,Male,Married,2,6349,4
54,No,Travel_Frequently,200,Female,Single,2,4869,3
43,No,Travel_Rarely,70,Female,Married,3,9985,5
45,No,Travel_Rarely,80,Male,Married,2,3697,3
40,No,Travel_Rarely,10,Male,Married,2,7457,5
29,Yes,Travel_Rarely,80,Male,Married,1,2119,2
29,No,Travel_Rarely,90,Male,Single,1,3983,3
30,No,Travel_Rarely,50,Female,Divorced,2,6118,3
27,No,Travel_Rarely,80,Female,Married,2,6214,4
37,No,Travel_Rarely,50,Male,Divorced,2,6347,3
38,No,Travel_Rarely,150,Male,Divorced,3,11510,4
31,No,Travel_Rarely,70,Female,Single,3,7143,5
29,No,Travel_Rarely,100,Female,Divorced,2,8268,4
35,No,Travel_Rarely,50,Male,Single,3,8095,5
23,No,Travel_Rarely,260,Male,Divorced,1,2904,3
41,No,Travel_Rarely,60,Male,Single,2,6032,4
47,No,Travel_Frequently,40,Male,Single,2,2976,3
42,No,Travel_Rarely,230,Female,Single,4,15992,5
29,No,Non-Travel,20,Male,Married,2,4649,3
42,No,Travel_Rarely,20,Male,Divorced,1,2696,3
32,No,Travel_Rarely,20,Female,Married,1,2370,2
48,No,Travel_Rarely,290,Female,Married,3,12504,5
37,No,Travel_Rarely,60,Male,Divorced,2,5974,3
30,No,Non-Travel,250,Female,Married,2,4736,3
26,No,Travel_Rarely,10,Male,Married,2,5296,4
42,No,Travel_Rarely,20,Male,Single,2,6781,4
21,Yes,Travel_Frequently,10,Female,Single,1,2174,2
36,No,Non-Travel,10,Female,Single,2,6653,4
36,No,Travel_Frequently,30,Male,Married,3,9699,5
57,No,Travel_Rarely,10,Male,Married,2,6755,4
40,No,Travel_Rarely,100,Female,Married,1,2213,2
21,No,Non-Travel,90,Male,Single,1,2610,3
33,Yes,Travel_Rarely,50,Female,Single,1,2851,3
37,No,Travel_Rarely,100,Female,Married,1,3452,3
46,No,Non-Travel,70,Female,Married,2,5258,4
41,Yes,Travel_Frequently,40,Male,Single,2,9355,5
50,No,Travel_Rarely,100,Male,Single,3,10496,5
40,Yes,Travel_Rarely,220,Male,Married,2,6380,4
31,No,Travel_Rarely,90,Male,Single,1,2657,3
21,Yes,Travel_Rarely,120,Female,Single,1,2716,3
29,No,Travel_Rarely,230,Male,Single,1,2201,2
35,No,Travel_Rarely,90,Male,Single,2,6540,4
27,No,Travel_Rarely,10,Male,Divorced,1,3816,3
28,No,Travel_Rarely,90,Male,Single,2,5253,4
49,No,Travel_Rarely,70,Male,Single,3,10965,5
51,No,Travel_Rarely,140,Female,Married,2,4936,3
36,No,Travel_Rarely,20,Female,Married,1,2543,3
34,Yes,Non-Travel,190,Male,Single,2,5304,4
55,No,Travel_Rarely,20,Female,Single,4,16659,5
24,No,Travel_Rarely,100,Female,Divorced,2,4260,3
30,No,Travel_Rarely,20,Male,Married,1,2476,2
26,Yes,Travel_Frequently,30,Male,Single,1,3102,3
22,No,Travel_Rarely,110,Female,Married,1,2244,2
36,No,Travel_Rarely,20,Male,Married,3,7596,5
30,Yes,Travel_Frequently,40,Male,Single,1,2285,2
37,No,Travel_Rarely,140,Female,Divorced,1,3034,3
40,No,Travel_Rarely,20,Female,Divorced,2,5715,3
42,No,Travel_Rarely,10,Female,Divorced,1,2576,3
37,No,Travel_Rarely,100,Male,Single,2,4197,3
43,No,Travel_Rarely,120,Male,Divorced,4,14336,4
40,No,Travel_Rarely,20,Female,Married,2,3448,3
54,No,Travel_Rarely,50,Male,Married,5,19406,5
34,No,Non-Travel,40,Female,Married,2,6538,4
31,No,Travel_Rarely,70,Female,Married,2,4306,3
43,No,Travel_Frequently,210,Male,Married,1,2258,2
43,No,Travel_Rarely,80,Female,Divorced,2,4522,3
25,No,Travel_Rarely,40,Female,Single,2,4487,3
37,No,Non-Travel,250,Female,Married,2,4449,3
31,No,Travel_Rarely,10,Male,Married,1,2218,2
39,No,Travel_Frequently,10,Male,Divorced,5,19197,4
56,No,Travel_Frequently,60,Female,Married,4,13212,5
30,No,Travel_Rarely,120,Female,Single,2,6577,4
41,No,Travel_Rarely,10,Male,Married,3,8392,5
28,No,Travel_Rarely,170,Male,Divorced,2,4558,3
25,Yes,Travel_Rarely,30,Male,Married,1,4031,3
52,No,Travel_Rarely,30,Male,Married,3,7969,5
45,No,Travel_Rarely,100,Male,Married,1,2654,3
52,No,Travel_Rarely,40,Female,Married,4,16555,5
42,No,Travel_Frequently,290,Female,Divorced,2,4556,3
30,No,Travel_Rarely,20,Female,Single,2,6091,4
60,No,Travel_Rarely,70,Female,Married,5,19566,5
46,No,Travel_Rarely,180,Female,Divorced,2,4810,3
42,No,Travel_Frequently,280,Female,Married,2,4523,3
24,Yes,Travel_Rarely,10,Female,Single,1,3202,3
34,Yes,Travel_Frequently,60,Female,Divorced,1,2351,2
38,No,Travel_Frequently,20,Male,Married,1,1702,2
40,No,Travel_Rarely,20,Female,Married,5,18041,5
26,No,Travel_Rarely,230,Female,Divorced,1,2886,3
30,No,Non-Travel,30,Male,Married,1,2097,2
29,No,Travel_Rarely,30,Male,Married,3,11935,5
29,Yes,Travel_Rarely,250,Female,Married,1,2546,3
19,Yes,Travel_Rarely,20,Male,Single,1,2564,3
30,No,Non-Travel,220,Female,Married,3,8412,5
57,No,Travel_Rarely,290,Male,Divorced,4,14118,4
50,No,Travel_Rarely,290,Male,Married,4,17046,5
30,No,Non-Travel,20,Female,Single,1,2564,3
60,No,Travel_Frequently,280,Female,Married,3,10266,5
47,No,Travel_Rarely,20,Female,Divorced,2,5070,3
46,No,Travel_Rarely,20,Male,Married,4,17861,5
35,No,Travel_Rarely,220,Male,Single,1,4230,3
54,No,Travel_Rarely,80,Female,Single,2,3780,3
34,No,Travel_Rarely,20,Male,Divorced,1,2768,3
46,No,Travel_Rarely,100,Female,Married,3,9071,5
31,No,Travel_Rarely,90,Male,Divorced,3,10648,4
33,Yes,Travel_Rarely,150,Male,Married,3,13610,5
33,Yes,Travel_Rarely,100,Male,Divorced,1,3408,3
30,No,Travel_Rarely,70,Male,Single,1,2983,3
35,No,Travel_Rarely,160,Male,Married,3,7632,5
31,Yes,Travel_Frequently,200,Male,Married,3,9824,5
34,Yes,Travel_Frequently,230,Female,Divorced,3,9950,4
42,No,Travel_Frequently,50,Male,Married,1,2093,2
36,No,Non-Travel,100,Male,Single,3,9980,5
22,Yes,Travel_Frequently,40,Male,Single,1,3894,3
48,No,Travel_Rarely,20,Female,Married,2,4051,3
55,No,Travel_Rarely,180,Female,Single,4,16835,5
41,No,Non-Travel,100,Male,Single,2,6230,4
35,No,Travel_Rarely,10,Male,Married,2,4717,3
40,No,Travel_Rarely,60,Female,Single,4,13237,5
39,No,Travel_Frequently,80,Female,Married,1,3755,3
31,No,Travel_Rarely,20,Male,Single,2,6582,4
42,No,Travel_Rarely,240,Male,Married,3,7406,5
45,No,Travel_Rarely,20,Male,Married,2,4805,3
26,Yes,Travel_Frequently,170,Female,Divorced,1,2741,3
29,No,Travel_Rarely,190,Male,Divorced,2,4262,3
33,No,Travel_Rarely,10,Female,Divorced,4,16184,4
31,No,Travel_Rarely,70,Male,Divorced,3,11557,4
18,Yes,Travel_Frequently,50,Male,Single,1,1878,2
40,No,Non-Travel,280,Male,Divorced,3,10932,4
41,No,Non-Travel,20,Female,Single,2,6811,4
26,No,Travel_Rarely,290,Male,Divorced,2,4306,3
35,No,Travel_Rarely,10,Female,Single,2,4859,3
34,No,Travel_Rarely,210,Male,Single,2,5337,4
26,Yes,Travel_Rarely,240,Male,Single,1,2340,2
37,No,Travel_Rarely,10,Female,Single,3,7491,5
46,No,Travel_Frequently,180,Female,Married,3,10527,5
41,No,Travel_Rarely,20,Female,Married,4,16595,5
37,No,Non-Travel,90,Male,Divorced,3,8834,4
52,No,Travel_Rarely,60,Male,Divorced,2,5577,3
32,Yes,Non-Travel,110,Male,Married,2,4707,3
24,No,Travel_Frequently,240,Male,Married,1,2400,2
38,No,Travel_Rarely,100,Female,Married,2,9824,5
37,No,Travel_Rarely,10,Female,Married,2,6447,4
49,No,Travel_Rarely,180,Male,Divorced,5,19502,4
24,No,Travel_Rarely,230,Male,Married,1,2725,3
26,No,Travel_Rarely,280,Male,Married,2,6272,4
24,No,Travel_Rarely,170,Male,Married,1,2127,2
50,No,Travel_Frequently,30,Male,Married,5,18200,5
25,No,Travel_Rarely,130,Male,Married,1,2096,2
24,Yes,Travel_Frequently,70,Female,Married,1,2886,3
30,Yes,Travel_Frequently,120,Male,Married,1,2033,2
34,No,Travel_Rarely,10,Male,Married,1,3622,3
31,Yes,Travel_Rarely,130,Male,Divorced,2,4233,3
35,No,Travel_Rarely,250,Male,Single,2,3681,3
31,No,Travel_Rarely,60,Male,Divorced,2,5460,3
27,No,Travel_Rarely,60,Female,Divorced,1,2187,2
37,No,Travel_Rarely,20,Male,Married,2,9602,5
20,No,Travel_Rarely,10,Female,Single,1,2836,3
42,No,Travel_Rarely,20,Female,Married,2,4089,3
43,No,Travel_Rarely,60,Male,Divorced,4,16627,4
38,No,Travel_Rarely,10,Female,Single,1,2619,3
43,No,Travel_Frequently,90,Male,Divorced,2,5679,3
48,No,Travel_Rarely,10,Female,Married,4,15402,5
44,No,Travel_Rarely,10,Female,Single,2,5985,4
34,No,Travel_Rarely,140,Female,Divorced,1,2579,3
27,Yes,Travel_Rarely,20,Male,Divorced,1,3041,3
21,No,Travel_Rarely,220,Male,Single,1,3447,3
44,No,Travel_Rarely,30,Male,Married,5,19513,5
22,No,Travel_Rarely,60,Male,Married,1,2773,3
33,No,Travel_Rarely,80,Male,Divorced,2,7104,4
32,No,Travel_Rarely,90,Female,Married,2,6322,4
30,No,Travel_Frequently,30,Female,Divorced,1,2083,2
53,No,Travel_Rarely,10,Female,Single,2,8381,5
34,No,Travel_Rarely,10,Male,Married,1,2691,3
45,Yes,Travel_Frequently,260,Female,Married,2,4286,3
26,No,Travel_Rarely,60,Female,Married,1,2659,3
37,No,Travel_Rarely,30,Male,Married,3,9434,5
29,No,Travel_Rarely,30,Female,Married,2,5561,4
35,No,Travel_Rarely,60,Male,Single,2,6646,4
33,No,Travel_Frequently,60,Male,Divorced,2,7725,4
54,No,Travel_Rarely,190,Male,Married,3,10725,5
36,No,Travel_Rarely,90,Male,Divorced,2,8847,4
27,No,Travel_Rarely,30,Male,Single,1,2045,2
20,Yes,Travel_Rarely,100,Male,Single,1,1009,1
33,Yes,Travel_Frequently,30,Male,Single,1,3348,3
35,No,Non-Travel,30,Male,Married,1,1281,1
23,No,Travel_Rarely,40,Male,Married,1,2819,3
25,No,Travel_Rarely,80,Male,Married,2,4851,3
38,No,Travel_Rarely,70,Female,Single,2,4028,3
29,No,Travel_Frequently,10,Male,Divorced,1,2720,3
48,No,Travel_Rarely,20,Male,Married,2,8120,5
27,No,Travel_Frequently,30,Female,Divorced,2,4647,3
37,No,Travel_Rarely,100,Male,Single,1,4680,3
50,No,Travel_Rarely,280,Male,Married,1,3221,3
34,No,Travel_Rarely,90,Female,Single,3,8621,5
24,Yes,Travel_Rarely,30,Female,Single,2,4577,3
39,No,Travel_Rarely,20,Female,Single,2,4553,3
32,No,Travel_Rarely,100,Male,Single,2,5396,4
50,Yes,Travel_Frequently,80,Male,Married,2,6796,4
38,No,Travel_Rarely,10,Female,Single,2,7625,5
27,No,Travel_Rarely,10,Female,Married,3,7412,5
32,No,Travel_Rarely,30,Female,Single,3,11159,5
47,No,Travel_Rarely,140,Male,Single,2,4960,3
40,No,Travel_Frequently,50,Male,Married,3,10475,5
53,No,Travel_Rarely,70,Male,Married,4,14814,5
41,No,Travel_Rarely,100,Male,Divorced,5,19141,4
60,No,Travel_Rarely,160,Male,Single,2,5405,4
27,No,Travel_Frequently,100,Male,Divorced,3,8793,4
41,No,Travel_Rarely,10,Male,Married,5,19189,5
50,No,Travel_Rarely,80,Male,Married,1,3875,3
28,Yes,Travel_Rarely,10,Female,Single,1,2216,2
36,No,Non-Travel,80,Female,Married,3,11713,5
38,No,Travel_Rarely,10,Female,Single,3,7861,5
44,No,Non-Travel,240,Male,Single,1,3708,3
47,No,Travel_Frequently,30,Female,Divorced,4,13770,4
30,No,Travel_Rarely,270,Male,Divorced,2,5304,3
29,No,Travel_Rarely,100,Male,Single,1,2642,3
42,Yes,Travel_Frequently,190,Male,Divorced,1,2759,3
43,No,Travel_Frequently,150,Male,Married,2,6804,4
34,No,Travel_Rarely,80,Female,Single,2,6142,4
23,No,Travel_Rarely,90,Male,Married,1,2500,2
39,No,Travel_Rarely,30,Female,Married,2,6389,4
56,No,Travel_Rarely,90,Male,Married,4,11103,5
40,No,Travel_Rarely,20,Female,Single,1,2342,2
27,No,Travel_Rarely,70,Female,Single,2,6811,4
29,No,Travel_Rarely,100,Male,Divorced,1,2297,2
53,No,Travel_Rarely,60,Male,Single,2,2450,2
35,No,Non-Travel,20,Female,Divorced,2,5093,3
32,No,Travel_Frequently,240,Male,Married,2,5309,4
38,No,Travel_Rarely,20,Male,Married,1,3057,3
34,No,Travel_Rarely,80,Female,Divorced,2,5121,3
52,No,Travel_Rarely,30,Male,Married,4,16856,5
33,Yes,Travel_Rarely,10,Male,Single,1,2686,3
25,No,Travel_Rarely,260,Female,Single,2,6180,4
45,No,Travel_Rarely,20,Male,Single,2,6632,4
23,No,Travel_Rarely,100,Male,Single,1,3505,3
47,Yes,Travel_Frequently,270,Female,Single,2,6397,4
34,No,Travel_Rarely,20,Male,Single,2,6274,4
55,Yes,Travel_Rarely,20,Male,Married,5,19859,5
36,No,Non-Travel,80,Male,Single,3,7587,5
52,No,Non-Travel,190,Male,Married,1,4258,3
26,No,Travel_Frequently,10,Female,Divorced,1,4364,3
29,No,Travel_Rarely,270,Female,Married,2,4335,3
26,Yes,Travel_Rarely,80,Male,Single,2,5326,4
34,No,Travel_Rarely,10,Female,Single,1,3280,3
54,No,Travel_Rarely,190,Female,Divorced,2,5485,3
27,No,Travel_Frequently,80,Male,Married,2,4342,3
37,No,Travel_Rarely,100,Female,Divorced,1,2782,3
38,No,Travel_Frequently,20,Female,Single,2,5980,4
34,No,Travel_Rarely,20,Female,Single,1,4381,3
35,No,Travel_Rarely,80,Female,Married,1,2572,3
30,No,Travel_Rarely,10,Male,Married,1,3833,3
40,No,Travel_Frequently,20,Female,Married,2,4244,3
34,No,Travel_Rarely,80,Female,Married,2,6500,4
42,No,Travel_Frequently,80,Male,Divorced,5,18430,4
23,Yes,Travel_Rarely,60,Male,Married,1,1601,2
24,No,Non-Travel,90,Male,Divorced,1,2694,3
52,No,Travel_Rarely,110,Female,Married,2,3149,3
50,No,Travel_Rarely,20,Male,Married,4,17639,5
29,Yes,Travel_Rarely,10,Female,Married,1,2319,2
33,No,Travel_Rarely,70,Male,Married,3,11691,5
33,Yes,Travel_Rarely,160,Female,Single,2,5324,4
47,No,Travel_Rarely,20,Female,Married,4,16752,5
36,No,Travel_Rarely,10,Female,Married,2,5228,4
29,No,Travel_Rarely,230,Male,Married,1,2700,3
58,Yes,Travel_Rarely,20,Male,Single,5,19246,5
35,No,Travel_Rarely,10,Female,Single,1,2506,3
42,No,Travel_Rarely,10,Female,Married,2,6062,4
28,Yes,Travel_Rarely,20,Male,Single,1,4382,3
36,No,Travel_Rarely,130,Male,Married,1,2143,2
32,No,Travel_Rarely,40,Female,Married,2,6162,4
40,No,Travel_Frequently,160,Male,Single,2,5094,4
30,No,Travel_Rarely,20,Female,Single,2,6877,4
45,No,Travel_Rarely,20,Female,Single,1,2274,2
42,No,Travel_Rarely,290,Male,Married,2,4434,3
38,No,Travel_Frequently,120,Male,Divorced,2,6288,3
34,No,Travel_Frequently,160,Female,Single,1,2553,3
49,Yes,Travel_Rarely,110,Female,Married,3,7654,5
55,Yes,Travel_Rarely,20,Male,Single,2,5160,4
43,No,Travel_Rarely,140,Male,Married,4,17159,5
27,No,Travel_Rarely,50,Male,Divorced,3,12808,4
35,No,Travel_Rarely,70,Male,Single,3,10221,5
28,No,Travel_Rarely,20,Female,Married,2,4779,3
34,No,Travel_Rarely,30,Male,Married,1,3737,3
26,Yes,Travel_Frequently,50,Female,Married,1,2366,2
27,No,Non-Travel,30,Male,Married,1,1706,2
51,No,Travel_Rarely,260,Female,Married,4,16307,5
44,No,Travel_Rarely,40,Male,Single,2,5933,4
25,No,Travel_Rarely,20,Male,Single,1,3424,3
33,No,Travel_Rarely,10,Male,Divorced,2,4037,3
35,No,Travel_Rarely,270,Female,Single,1,2559,3
36,No,Travel_Rarely,10,Male,Married,2,6201,4
32,No,Travel_Rarely,130,Male,Divorced,2,4403,3
30,No,Travel_Frequently,50,Male,Divorced,1,3761,3
53,No,Travel_Rarely,70,Female,Married,3,10934,5
45,No,Travel_Rarely,90,Male,Divorced,3,10761,4
32,No,Travel_Rarely,80,Female,Married,2,5175,4
52,No,Travel_Frequently,250,Female,Married,4,13826,5
37,No,Travel_Rarely,160,Male,Divorced,2,6334,3
28,No,Travel_Rarely,80,Male,Divorced,1,4936,3
22,No,Travel_Rarely,10,Male,Married,2,4775,3
44,No,Travel_Rarely,80,Male,Married,1,2818,3
42,No,Travel_Frequently,20,Male,Single,1,2515,3
36,No,Travel_Rarely,80,Male,Married,1,2342,2
25,No,Travel_Rarely,30,Male,Married,2,4194,3
35,No,Travel_Rarely,90,Female,Married,3,10685,5
35,Yes,Travel_Frequently,250,Female,Divorced,1,2022,2
32,No,Non-Travel,10,Male,Divorced,1,2314,2
25,No,Travel_Rarely,40,Male,Married,2,4256,3
49,No,Travel_Rarely,10,Female,Married,1,3580,3
24,No,Non-Travel,40,Male,Married,1,3162,3
32,No,Travel_Frequently,50,Male,Married,2,6524,4
38,No,Travel_Rarely,90,Male,Married,1,2899,3
42,No,Travel_Rarely,30,Female,Married,2,5231,4
31,No,Travel_Rarely,110,Male,Married,1,2356,2
29,Yes,Travel_Rarely,10,Female,Divorced,1,2800,3
53,No,Travel_Rarely,80,Male,Married,4,11836,5
35,No,Travel_Rarely,250,Male,Married,3,10903,5
37,No,Travel_Frequently,210,Female,Married,1,2973,3
53,No,Travel_Rarely,230,Female,Single,4,14275,5
43,No,Travel_Frequently,10,Female,Married,2,5562,4
47,No,Travel_Rarely,20,Female,Married,2,4537,3
37,No,Non-Travel,190,Male,Single,3,7642,5
50,No,Non-Travel,20,Male,Divorced,4,17924,4
39,No,Travel_Rarely,20,Female,Married,2,5204,4
33,No,Travel_Rarely,30,Male,Divorced,1,2277,2
32,Yes,Travel_Rarely,250,Male,Single,1,2795,3
29,No,Travel_Rarely,70,Female,Divorced,1,2532,3
44,No,Travel_Rarely,90,Male,Married,1,2559,3
28,No,Travel_Rarely,50,Male,Single,2,4908,3
58,Yes,Travel_Frequently,20,Male,Divorced,1,2380,2
43,No,Travel_Rarely,80,Female,Divorced,2,4765,3
20,Yes,Travel_Rarely,20,Female,Single,1,2044,2
21,Yes,Travel_Rarely,180,Female,Single,1,2693,3
36,No,Travel_Rarely,140,Male,Married,2,6586,4
47,No,Travel_Rarely,20,Female,Single,1,3294,3
22,Yes,Travel_Rarely,30,Female,Married,2,4171,3
41,Yes,Travel_Rarely,20,Female,Divorced,1,2778,3
28,No,Travel_Rarely,90,Female,Divorced,1,2377,2
39,Yes,Travel_Rarely,60,Male,Married,1,2404,2
27,No,Travel_Rarely,40,Female,Single,1,2318,2
34,No,Travel_Rarely,100,Male,Divorced,1,2008,2
42,No,Travel_Rarely,140,Female,Single,2,6244,4
33,No,Travel_Rarely,10,Male,Single,1,2799,3
58,No,Travel_Rarely,50,Female,Divorced,3,10552,4
31,No,Travel_Rarely,70,Male,Married,1,2329,2
35,No,Travel_Rarely,210,Female,Married,2,4014,3
49,No,Travel_Rarely,80,Female,Married,3,7403,5
48,No,Travel_Rarely,200,Male,Married,1,2259,2
31,No,Non-Travel,200,Female,Married,2,6932,4
36,No,Travel_Rarely,70,Male,Single,1,4678,3
38,No,Travel_Rarely,10,Female,Married,3,13582,5
32,No,Non-Travel,10,Female,Married,1,2332,2
25,Yes,Travel_Rarely,190,Male,Married,1,2413,2
40,No,Travel_Rarely,100,Male,Divorced,3,9705,4
26,No,Travel_Frequently,10,Male,Single,2,4294,3
41,No,Travel_Rarely,60,Male,Single,1,4721,3
36,No,Travel_Rarely,20,Male,Single,1,2519,3
19,Yes,Travel_Rarely,210,Male,Single,1,2121,2
20,Yes,Travel_Rarely,40,Male,Single,1,2973,3
31,No,Travel_Rarely,120,Female,Married,2,5855,4
40,No,Travel_Frequently,90,Male,Divorced,1,3617,3
32,No,Travel_Rarely,30,Female,Married,2,6725,4
36,Yes,Travel_Rarely,30,Male,Married,3,10325,5
33,No,Travel_Rarely,10,Female,Single,2,6949,4
37,Yes,Travel_Rarely,10,Male,Married,3,10609,5
45,No,Non-Travel,40,Male,Married,2,4447,3
29,No,Travel_Frequently,200,Female,Married,1,2157,2
35,No,Travel_Rarely,180,Female,Married,2,4601,3
52,No,Travel_Rarely,10,Male,Married,4,17099,5
58,Yes,Travel_Rarely,20,Male,Single,1,2479,2
53,No,Travel_Rarely,20,Male,Divorced,4,14852,4
30,No,Travel_Rarely,80,Male,Divorced,3,7264,4
38,No,Non-Travel,100,Female,Single,2,5666,4
35,No,Travel_Rarely,30,Male,Divorced,3,7823,4
39,No,Travel_Rarely,20,Male,Single,3,7880,5
40,Yes,Non-Travel,240,Female,Single,4,13194,5
47,No,Travel_Frequently,160,Male,Divorced,2,5067,3
36,No,Non-Travel,80,Male,Divorced,2,5079,3
31,Yes,Non-Travel,90,Male,Single,1,2321,2
33,No,Non-Travel,170,Male,Single,4,17444,5
29,Yes,Travel_Rarely,100,Female,Single,1,2404,2
33,No,Travel_Rarely,130,Female,Single,1,3452,3
45,No,Travel_Rarely,10,Female,Divorced,1,2270,2
50,No,Travel_Rarely,10,Male,Divorced,4,17399,4
33,No,Travel_Frequently,10,Female,Married,2,5488,4
41,No,Travel_Frequently,90,Male,Divorced,5,19419,4
27,No,Travel_Rarely,160,Female,Married,1,2811,3
45,No,Non-Travel,230,Male,Married,2,3633,3
47,No,Travel_Rarely,40,Female,Single,2,4163,3
30,Yes,Travel_Rarely,220,Female,Married,1,2132,2
50,No,Travel_Rarely,240,Male,Married,4,13973,5
38,No,Travel_Frequently,100,Male,Married,1,2684,3
46,No,Travel_Rarely,70,Male,Divorced,3,10845,4
24,No,Travel_Rarely,170,Female,Divorced,2,4377,3
35,Yes,Travel_Rarely,140,Male,Divorced,1,3743,3
31,No,Travel_Frequently,10,Female,Married,2,4148,3
18,No,Non-Travel,50,Male,Single,1,1051,1
54,No,Travel_Rarely,170,Female,Married,3,10739,5
35,No,Travel_Rarely,250,Female,Divorced,3,10388,4
30,No,Travel_Rarely,80,Female,Married,3,11416,5
20,Yes,Travel_Rarely,110,Female,Single,1,2600,3
30,Yes,Travel_Frequently,50,Female,Single,1,2422,2
26,No,Travel_Rarely,20,Male,Married,2,5472,4
22,No,Travel_Rarely,80,Male,Married,1,2451,2
48,No,Travel_Rarely,60,Male,Single,2,4240,3
48,No,Travel_Rarely,40,Male,Single,3,10999,5
41,No,Travel_Rarely,70,Female,Single,2,5003,4
39,No,Travel_Rarely,10,Female,Married,4,12742,5
27,No,Travel_Rarely,20,Female,Married,2,4227,3
35,No,Travel_Rarely,100,Male,Divorced,1,3917,3
42,No,Travel_Rarely,50,Male,Married,5,18303,5
50,No,Travel_Rarely,90,Male,Married,1,2380,2
59,No,Travel_Rarely,20,Female,Single,4,13726,5
37,Yes,Travel_Rarely,110,Female,Married,2,4777,3
55,No,Travel_Frequently,180,Male,Married,2,6385,4
41,No,Non-Travel,70,Female,Divorced,5,19973,4
38,No,Travel_Rarely,30,Male,Single,2,6861,4
26,Yes,Non-Travel,290,Male,Single,2,4969,3
52,Yes,Travel_Rarely,20,Female,Married,5,19845,5
44,No,Travel_Rarely,280,Female,Married,4,13320,5
50,No,Non-Travel,10,Female,Married,2,6347,4
36,Yes,Travel_Rarely,160,Female,Single,1,2743,3
39,No,Travel_Frequently,220,Female,Single,3,10880,5
33,No,Non-Travel,80,Female,Single,1,2342,2
45,No,Travel_Rarely,110,Female,Married,4,17650,5
32,No,Non-Travel,290,Female,Single,1,4025,3
34,No,Travel_Rarely,10,Male,Divorced,2,9725,4
59,No,Travel_Rarely,10,Male,Married,3,11904,5
45,No,Travel_Rarely,240,Male,Single,1,2177,2
53,No,Travel_Frequently,20,Female,Married,3,7525,5
36,Yes,Travel_Rarely,150,Male,Divorced,2,4834,3
26,Yes,Travel_Frequently,20,Male,Married,1,2042,2
34,No,Travel_Rarely,100,Female,Married,1,2220,2
28,No,Travel_Rarely,100,Male,Married,1,1052,1
38,No,Travel_Frequently,30,Male,Married,1,2821,3
50,No,Travel_Rarely,20,Male,Married,5,19237,5
37,No,Travel_Rarely,30,Female,Single,2,4107,3
40,No,Travel_Rarely,260,Male,Married,2,8396,5
26,No,Travel_Frequently,10,Female,Divorced,1,2007,2
46,No,Travel_Rarely,10,Male,Divorced,5,19627,4
54,No,Travel_Rarely,20,Female,Married,3,10686,5
56,No,Travel_Frequently,90,Female,Married,1,2942,3
36,No,Travel_Rarely,120,Female,Single,3,8858,5
55,No,Non-Travel,20,Male,Single,4,16756,5
43,No,Travel_Rarely,250,Male,Divorced,3,10798,4
20,Yes,Travel_Frequently,90,Female,Single,1,2323,2
21,Yes,Travel_Rarely,100,Female,Single,1,1416,1
46,No,Travel_Rarely,80,Female,Divorced,2,4615,3
51,Yes,Travel_Rarely,40,Male,Married,1,2461,2
28,Yes,Non-Travel,240,Male,Single,3,8722,5
26,No,Travel_Rarely,10,Male,Married,1,3955,3
30,No,Travel_Rarely,200,Male,Married,2,9957,5
41,No,Travel_Rarely,70,Female,Married,1,3376,3
38,No,Travel_Rarely,170,Female,Married,3,8823,5
40,No,Travel_Rarely,200,Male,Married,3,10322,5
27,No,Non-Travel,80,Male,Married,1,4621,3
55,No,Travel_Frequently,20,Male,Married,3,10976,5
28,No,Travel_Rarely,100,Female,Single,2,3660,3
44,Yes,Travel_Rarely,10,Male,Married,3,10482,5
33,No,Travel_Rarely,50,Male,Divorced,3,7119,4
35,Yes,Travel_Rarely,40,Male,Single,3,9582,5
33,Yes,Travel_Frequently,290,Female,Single,2,4508,3
28,No,Travel_Rarely,150,Male,Divorced,1,2207,2
34,No,Travel_Frequently,30,Male,Single,2,7756,5
37,No,Travel_Rarely,100,Female,Divorced,2,6694,3
25,Yes,Travel_Rarely,40,Male,Married,1,3691,3
26,Yes,Travel_Rarely,210,Male,Divorced,1,2377,2
33,Yes,Travel_Rarely,250,Male,Single,1,2313,2
42,No,Travel_Rarely,20,Male,Married,4,17665,5
28,Yes,Travel_Frequently,10,Male,Divorced,1,2596,3
50,Yes,Travel_Frequently,10,Male,Single,2,4728,3
33,No,Travel_Frequently,70,Female,Married,2,4302,3
34,No,Non-Travel,30,Male,Married,1,2979,3
48,No,Non-Travel,10,Male,Single,4,16885,5
45,No,Non-Travel,90,Female,Married,2,5593,4
52,No,Travel_Rarely,70,Male,Single,3,10445,5
38,No,Travel_Rarely,100,Male,Divorced,3,8740,4
29,No,Travel_Rarely,280,Female,Divorced,1,2514,3
28,No,Travel_Rarely,30,Female,Divorced,3,7655,4
46,No,Travel_Rarely,30,Male,Married,4,17465,5
38,No,Travel_Rarely,20,Male,Single,3,7351,5
43,No,Travel_Frequently,270,Female,Married,3,10820,5
39,Yes,Travel_Frequently,20,Male,Divorced,4,12169,4
40,No,Travel_Rarely,140,Male,Single,5,19626,5
21,No,Travel_Rarely,10,Female,Single,1,2070,2
39,No,Non-Travel,90,Male,Single,2,6782,4
36,No,Non-Travel,180,Male,Single,2,7779,5
31,No,Travel_Frequently,200,Male,Married,1,2791,3
28,No,Travel_Rarely,20,Male,Married,1,3201,3
35,No,Travel_Frequently,110,Male,Divorced,2,4968,3
49,No,Travel_Rarely,80,Male,Married,4,13120,5
34,No,Travel_Frequently,20,Male,Single,2,4033,3
29,No,Travel_Frequently,100,Female,Divorced,1,3291,3
42,No,Travel_Rarely,290,Male,Single,2,4272,3
29,No,Travel_Rarely,80,Male,Married,2,5056,4
38,No,Travel_Rarely,10,Male,Married,1,2844,3
28,No,Travel_Frequently,60,Male,Divorced,1,2703,3
18,Yes,Non-Travel,80,Male,Single,1,1904,2
33,Yes,Travel_Rarely,90,Female,Single,2,8224,5
41,No,Travel_Rarely,120,Male,Married,1,4766,3
31,Yes,Travel_Frequently,150,Male,Married,1,2610,3
37,No,Travel_Rarely,250,Female,Divorced,2,5731,3
27,No,Travel_Rarely,60,Male,Married,1,2539,3
34,No,Travel_Rarely,90,Female,Married,2,5714,4
35,No,Travel_Rarely,80,Male,Single,1,4323,3
29,Yes,Travel_Rarely,230,Female,Married,3,7336,5
40,No,Travel_Frequently,90,Female,Single,3,13499,5
42,Yes,Travel_Frequently,120,Male,Single,4,13758,5
42,No,Travel_Rarely,40,Male,Single,2,5155,4
35,No,Travel_Rarely,10,Male,Married,1,2258,2
24,No,Travel_Rarely,240,Male,Single,1,3597,3
28,Yes,Travel_Rarely,120,Female,Married,1,2515,3
26,No,Travel_Rarely,30,Male,Married,1,4420,3
30,No,Travel_Rarely,100,Male,Married,2,6578,4
40,No,Travel_Frequently,260,Female,Married,2,4422,3
35,No,Travel_Rarely,20,Male,Divorced,3,10274,4
34,No,Travel_Frequently,10,Male,Single,2,5343,4
35,No,Travel_Frequently,40,Male,Married,1,2376,2
43,Yes,Travel_Rarely,90,Female,Single,2,5346,4
32,No,Non-Travel,20,Female,Divorced,1,2827,3
56,No,Travel_Rarely,40,Female,Divorced,5,19943,4
29,No,Travel_Rarely,60,Female,Married,1,3131,3
19,No,Travel_Rarely,90,Male,Single,1,2552,3
45,No,Travel_Rarely,70,Female,Married,1,4477,3
37,No,Travel_Rarely,10,Female,Married,2,6474,4
20,No,Travel_Rarely,30,Male,Single,1,3033,3
44,Yes,Travel_Rarely,100,Male,Single,1,2936,3
53,No,Travel_Rarely,70,Female,Divorced,5,18606,4
29,No,Travel_Rarely,150,Female,Married,1,2168,2
22,Yes,Travel_Frequently,30,Male,Married,1,2853,3
46,No,Travel_Rarely,20,Female,Married,4,17048,5
44,No,Non-Travel,170,Male,Single,1,2290,2
33,No,Travel_Rarely,20,Male,Married,1,3600,3
41,Yes,Non-Travel,50,Male,Divorced,1,2107,2
30,No,Travel_Rarely,290,Male,Divorced,2,4115,3
40,No,Travel_Frequently,20,Male,Married,2,4327,3
50,No,Travel_Frequently,20,Female,Married,4,17856,5
28,No,Travel_Rarely,190,Male,Married,1,3196,3
46,No,Travel_Rarely,150,Male,Married,5,19081,5
35,No,Travel_Rarely,170,Male,Married,2,8966,5
24,Yes,Travel_Rarely,170,Female,Married,1,2210,2
33,No,Travel_Frequently,250,Female,Married,2,4539,3
36,No,Travel_Rarely,60,Male,Divorced,1,2741,3
30,No,Travel_Rarely,70,Male,Divorced,2,3491,3
44,No,Travel_Rarely,290,Male,Single,2,4541,3
20,No,Travel_Rarely,210,Male,Single,1,2678,3
46,No,Travel_Rarely,20,Male,Divorced,2,7379,4
42,No,Non-Travel,20,Male,Married,2,6272,4
60,No,Travel_Rarely,70,Male,Divorced,2,5220,3
32,No,Travel_Frequently,130,Female,Married,1,2743,3
32,No,Travel_Frequently,20,Female,Single,2,4998,3
36,No,Travel_Rarely,10,Female,Divorced,3,10252,4
33,No,Travel_Rarely,90,Male,Married,1,2781,3
40,No,Travel_Rarely,100,Female,Divorced,2,6852,3
25,No,Travel_Rarely,100,Male,Single,2,4950,3
30,No,Travel_Rarely,10,Male,Married,1,3579,3
42,No,Travel_Frequently,260,Female,Married,3,13191,5
35,No,Non-Travel,80,Female,Married,3,10377,5
27,No,Travel_Rarely,140,Male,Married,1,2235,2
54,No,Travel_Frequently,10,Female,Divorced,3,10502,4
44,No,Travel_Rarely,20,Female,Married,1,2011,2
19,Yes,Non-Travel,100,Female,Single,1,1859,2
29,No,Travel_Rarely,10,Female,Divorced,1,3760,3
54,No,Travel_Rarely,30,Male,Married,4,17779,5
31,No,Travel_Rarely,110,Male,Married,2,6833,4
31,No,Travel_Rarely,240,Female,Single,2,6812,4
59,No,Travel_Rarely,30,Female,Single,2,5171,4
43,No,Travel_Rarely,30,Male,Married,5,19740,5
49,No,Travel_Rarely,40,Male,Married,5,18711,5
36,No,Travel_Frequently,30,Male,Married,1,3692,3
48,No,Travel_Rarely,20,Male,Single,1,2559,3
27,No,Travel_Rarely,40,Male,Divorced,1,2517,3
29,No,Travel_Rarely,70,Male,Divorced,2,6623,3
48,No,Travel_Rarely,10,Male,Single,5,18265,5
29,No,Travel_Rarely,10,Female,Divorced,4,16124,4
34,No,Travel_Rarely,200,Female,Married,1,2585,3
44,No,Travel_Rarely,50,Male,Married,5,18213,5
33,No,Travel_Rarely,100,Male,Divorced,3,8380,4
19,No,Travel_Rarely,250,Female,Single,1,2994,3
23,No,Travel_Rarely,10,Male,Married,1,1223,1
25,Yes,Travel_Frequently,240,Male,Single,1,1118,1
26,No,Travel_Rarely,40,Male,Single,1,2875,3
45,Yes,Travel_Rarely,20,Female,Single,5,18824,5
55,No,Non-Travel,80,Male,Divorced,4,13577,4
21,Yes,Travel_Frequently,100,Female,Single,1,2625,3
46,No,Travel_Rarely,40,Female,Married,5,18789,5
34,No,Travel_Rarely,20,Female,Single,2,4538,3
51,No,Travel_Frequently,90,Male,Divorced,5,19847,4
59,No,Travel_Rarely,180,Male,Single,3,10512,5
34,No,Travel_Frequently,190,Female,Divorced,2,4444,3
28,No,Travel_Frequently,10,Male,Single,1,2154,2
44,No,Travel_Rarely,40,Male,Divorced,5,19190,4
34,No,Travel_Frequently,110,Male,Married,2,4490,3
35,No,Travel_Rarely,60,Male,Married,1,3506,3
42,No,Travel_Rarely,70,Female,Married,2,2372,2
43,No,Travel_Rarely,40,Female,Single,3,10231,5
36,No,Travel_Rarely,20,Female,Single,2,5410,4
44,Yes,Travel_Rarely,150,Female,Married,3,7978,5
28,No,Travel_Frequently,20,Male,Married,1,3867,3
51,No,Travel_Frequently,60,Female,Single,1,2838,3
30,No,Non-Travel,90,Female,Single,2,4695,3
29,Yes,Travel_Rarely,70,Female,Divorced,1,3339,3
28,No,Travel_Rarely,10,Male,Single,1,2080,2
25,No,Travel_Rarely,10,Female,Single,1,2096,2
32,No,Travel_Rarely,80,Male,Married,2,6209,4
45,No,Travel_Frequently,250,Female,Single,5,18061,5
39,No,Travel_Rarely,130,Female,Divorced,4,17123,4
58,No,Travel_Rarely,230,Male,Divorced,1,2372,2
32,Yes,Travel_Rarely,70,Male,Married,2,4883,3
39,Yes,Travel_Rarely,230,Male,Single,1,3904,3
30,No,Travel_Rarely,60,Female,Married,2,4627,3
36,No,Travel_Rarely,100,Female,Married,3,7094,5
46,No,Travel_Rarely,10,Female,Single,1,3423,3
28,No,Non-Travel,10,Female,Married,2,6674,4
50,No,Travel_Rarely,280,Female,Married,4,16880,5
40,Yes,Travel_Rarely,250,Male,Single,3,9094,5
52,Yes,Travel_Rarely,50,Male,Single,3,8446,5
30,No,Travel_Rarely,170,Female,Married,3,11916,5
39,No,Travel_Rarely,180,Male,Single,2,4534,3
31,No,Non-Travel,20,Female,Divorced,3,9852,4
41,No,Non-Travel,100,Male,Single,2,6151,4
31,Yes,Travel_Frequently,10,Female,Single,1,2302,2
44,Yes,Travel_Rarely,30,Male,Married,1,2362,2
42,No,Non-Travel,20,Male,Married,4,17861,5
55,No,Travel_Rarely,20,Female,Married,5,19187,5
56,No,Travel_Rarely,80,Male,Single,5,19717,5
40,No,Non-Travel,160,Male,Divorced,1,3544,3
34,No,Travel_Rarely,90,Male,Divorced,3,8500,4
40,No,Travel_Rarely,20,Male,Single,2,4661,3
41,No,Travel_Frequently,10,Female,Divorced,2,4103,3
35,No,Travel_Frequently,40,Male,Single,2,4249,3
51,No,Travel_Rarely,50,Male,Divorced,4,14026,4
38,No,Travel_Rarely,20,Female,Divorced,2,6893,3
34,No,Travel_Rarely,150,Female,Single,2,6125,4
25,No,Travel_Rarely,190,Male,Married,1,3669,3
58,Yes,Travel_Rarely,70,Female,Married,3,10008,5
40,No,Travel_Rarely,10,Male,Married,1,2387,2
36,No,Travel_Frequently,70,Female,Married,2,4639,3
48,No,Travel_Rarely,40,Male,Single,3,7898,5
27,No,Travel_Rarely,110,Female,Married,1,2534,3
51,No,Travel_Rarely,110,Female,Single,4,13142,5
18,No,Non-Travel,10,Female,Single,1,1611,2
35,No,Travel_Rarely,10,Female,Married,2,5363,4
27,No,Travel_Frequently,20,Male,Single,2,5071,4
55,Yes,Travel_Rarely,130,Male,Single,4,13695,5
56,No,Travel_Rarely,230,Male,Married,4,13402,5
34,No,Non-Travel,260,Female,Divorced,1,2029,2
40,No,Travel_Rarely,20,Female,Divorced,2,6377,3
34,No,Travel_Rarely,290,Male,Married,2,5429,4
31,Yes,Travel_Frequently,20,Female,Single,1,2785,3
35,Yes,Travel_Frequently,180,Female,Married,2,4614,3
38,No,Travel_Frequently,70,Male,Divorced,1,2610,3
34,No,Travel_Rarely,20,Female,Single,2,6687,4
28,No,Travel_Rarely,260,Male,Married,2,4724,3
31,Yes,Travel_Rarely,220,Male,Married,2,6179,4
39,No,Travel_Rarely,210,Male,Married,2,6120,4
51,No,Travel_Frequently,20,Male,Married,3,10596,5
41,No,Travel_Frequently,220,Female,Divorced,2,5467,3
37,No,Travel_Rarely,40,Male,Married,1,2996,3
33,No,Travel_Frequently,50,Male,Married,2,9998,5
32,No,Travel_Rarely,20,Male,Married,2,4078,3
39,No,Non-Travel,250,Male,Married,3,10920,5
25,No,Travel_Rarely,180,Male,Married,2,6232,4
52,No,Travel_Frequently,280,Female,Married,4,13247,5
43,No,Travel_Rarely,60,Female,Single,2,4081,3
27,No,Travel_Rarely,100,Female,Married,2,5769,4
27,Yes,Travel_Rarely,170,Female,Single,1,2394,2
26,No,Travel_Rarely,20,Male,Single,1,3904,3
42,No,Travel_Rarely,100,Female,Married,4,16799,5
52,No,Travel_Rarely,80,Female,Married,1,2950,3
37,No,Travel_Rarely,110,Female,Single,1,3629,3
35,No,Travel_Frequently,180,Male,Single,3,9362,5
25,No,Travel_Rarely,10,Male,Married,1,3229,3
26,No,Travel_Rarely,70,Male,Single,1,3578,3
29,No,Travel_Rarely,170,Male,Single,3,7988,5
49,Yes,Travel_Frequently,280,Male,Single,2,4284,3
29,Yes,Travel_Frequently,140,Female,Single,3,7553,5
54,No,Travel_Rarely,10,Female,Single,4,17328,5
58,No,Travel_Rarely,10,Female,Married,5,19701,5
55,No,Travel_Rarely,10,Male,Divorced,4,14732,4
36,No,Travel_Rarely,30,Female,Single,2,9278,5
31,Yes,Travel_Frequently,10,Female,Single,1,1359,1
30,No,Travel_Rarely,70,Female,Divorced,2,4779,3
31,No,Travel_Rarely,80,Female,Single,4,16422,5
34,No,Travel_Frequently,10,Male,Divorced,1,2996,3
31,Yes,Travel_Rarely,80,Female,Single,1,1261,1
27,No,Travel_Rarely,110,Male,Married,1,2099,2
36,No,Travel_Rarely,40,Male,Single,2,5810,4
36,No,Travel_Rarely,160,Female,Married,2,5647,4
47,No,Travel_Rarely,10,Male,Married,1,3420,3
25,Yes,Travel_Rarely,90,Male,Married,1,4400,3
37,No,Non-Travel,50,Male,Single,1,3500,3
56,No,Travel_Rarely,10,Female,Married,1,2066,2
47,No,Travel_Rarely,20,Female,Married,4,17169,5
24,No,Travel_Rarely,40,Female,Married,2,4162,3
32,No,Travel_Rarely,70,Male,Married,2,9204,5
34,No,Travel_Rarely,10,Female,Married,1,3294,3
41,No,Travel_Rarely,50,Male,Married,1,2127,2
40,No,Non-Travel,90,Male,Divorced,2,3975,3
31,No,Travel_Rarely,80,Male,Divorced,3,10793,4
46,Yes,Travel_Rarely,90,Male,Divorced,3,10096,4
39,Yes,Non-Travel,20,Female,Single,1,3646,3
31,Yes,Travel_Frequently,10,Female,Single,3,7446,5
45,No,Travel_Rarely,200,Male,Divorced,3,10851,4
31,No,Travel_Rarely,80,Female,Single,1,2109,2
31,Yes,Travel_Frequently,20,Male,Married,1,3722,3
45,No,Travel_Rarely,290,Male,Married,3,9380,5
48,No,Travel_Rarely,70,Male,Divorced,2,5486,3
34,Yes,Travel_Rarely,90,Female,Married,1,2742,3
40,No,Non-Travel,80,Male,Divorced,3,13757,4
28,No,Travel_Rarely,50,Male,Single,2,8463,5
44,No,Non-Travel,50,Male,Single,1,3162,3
53,No,Travel_Rarely,20,Male,Single,4,16598,5
49,No,Travel_Rarely,50,Male,Married,2,6651,4
40,No,Travel_Rarely,20,Male,Divorced,1,2345,2
44,No,Travel_Rarely,200,Male,Single,1,3420,3
33,No,Travel_Frequently,70,Male,Married,2,4373,3
34,No,Travel_Rarely,30,Male,Single,2,4759,3
30,No,Travel_Rarely,160,Male,Married,2,5301,4
42,No,Travel_Frequently,90,Female,Single,1,3673,3
44,No,Travel_Frequently,10,Female,Married,2,4768,3
30,No,Non-Travel,70,Male,Divorced,1,1274,1
57,No,Travel_Rarely,10,Male,Married,2,4900,3
49,No,Travel_Rarely,70,Male,Divorced,3,10466,4
34,No,Travel_Frequently,150,Male,Divorced,4,17007,4
28,Yes,Travel_Frequently,10,Male,Married,1,2909,3
29,Yes,Travel_Frequently,130,Female,Single,2,5765,4
34,Yes,Travel_Rarely,240,Female,Single,2,4599,3
35,No,Travel_Rarely,70,Male,Married,1,2404,2
24,Yes,Travel_Frequently,90,Male,Single,1,3172,3
24,No,Non-Travel,130,Female,Married,1,2033,2
44,No,Travel_Frequently,20,Male,Single,3,10209,5
29,No,Travel_Rarely,190,Male,Divorced,2,8620,4
30,No,Travel_Rarely,10,Male,Divorced,1,2064,2
55,No,Travel_Rarely,40,Male,Married,2,4035,3
33,No,Travel_Rarely,40,Female,Married,1,3838,3
47,No,Travel_Rarely,140,Female,Married,2,4591,3
28,Yes,Travel_Frequently,20,Male,Single,1,2561,3
28,No,Travel_Rarely,10,Male,Divorced,1,1563,2
28,No,Travel_Frequently,70,Male,Single,2,4898,3
49,No,Travel_Rarely,30,Female,Married,2,4789,3
29,No,Travel_Frequently,20,Female,Married,1,3180,3
28,No,Travel_Rarely,290,Male,Married,2,6549,4
33,No,Travel_Rarely,80,Male,Single,2,6388,4
32,No,Travel_Rarely,100,Male,Single,3,11244,5
54,No,Travel_Frequently,110,Female,Divorced,4,16032,4
29,Yes,Travel_Rarely,10,Male,Single,1,2362,2
44,No,Travel_Rarely,280,Male,Married,4,16328,5
39,No,Travel_Rarely,60,Female,Single,3,8376,5
46,No,Travel_Rarely,30,Female,Married,4,16606,5
35,No,Travel_Rarely,160,Female,Single,3,8606,5
23,No,Travel_Rarely,200,Male,Single,2,2272,2
40,Yes,Travel_Rarely,90,Male,Single,1,2018,2
34,No,Travel_Rarely,10,Male,Married,3,7083,5
31,Yes,Travel_Frequently,30,Female,Single,1,4084,3
50,No,Travel_Frequently,220,Male,Single,4,14411,5
34,No,Travel_Rarely,70,Male,Married,1,2308,2
42,No,Travel_Rarely,20,Male,Married,1,4841,3
37,No,Travel_Rarely,130,Male,Married,2,4285,3
29,No,Travel_Rarely,80,Female,Married,2,9715,5
33,No,Travel_Rarely,250,Male,Single,2,4320,3
45,No,Travel_Rarely,280,Male,Married,1,2132,2
42,No,Travel_Frequently,20,Male,Married,3,10124,5
40,No,Travel_Rarely,90,Male,Married,2,5473,4
33,No,Travel_Rarely,280,Male,Married,2,5207,4
40,No,Travel_Rarely,60,Male,Single,4,16437,5
24,No,Travel_Rarely,210,Male,Divorced,1,2296,2
40,No,Non-Travel,80,Male,Divorced,2,4069,3
45,No,Travel_Rarely,10,Male,Divorced,3,7441,4
35,No,Travel_Rarely,280,Female,Married,1,2430,2
32,No,Travel_Rarely,50,Female,Married,2,5878,4
36,No,Travel_Rarely,20,Male,Single,1,2644,3
48,No,Travel_Rarely,160,Female,Divorced,2,6439,3
29,No,Travel_Rarely,90,Male,Married,1,2451,2
33,No,Travel_Rarely,80,Male,Married,2,6392,4
30,Yes,Travel_Rarely,10,Male,Married,2,9714,5
38,No,Travel_Frequently,100,Male,Married,2,6077,4
35,No,Travel_Rarely,10,Male,Single,1,2450,2
30,No,Travel_Rarely,290,Male,Married,3,9250,5
35,Yes,Travel_Rarely,20,Female,Divorced,1,2074,2
53,Yes,Travel_Rarely,20,Female,Married,3,10169,5
38,Yes,Travel_Rarely,20,Male,Married,2,4855,3
32,No,Non-Travel,10,Male,Married,2,4087,3
48,No,Travel_Rarely,150,Female,Married,1,2367,2
34,No,Travel_Rarely,70,Male,Single,1,2972,3
55,No,Travel_Rarely,260,Male,Married,5,19586,5
34,No,Travel_Rarely,10,Male,Married,2,5484,4
26,No,Travel_Rarely,30,Female,Married,1,2061,2
38,No,Travel_Rarely,140,Male,Married,2,9924,5
38,No,Travel_Rarely,160,Female,Single,2,4198,3
36,No,Travel_Rarely,10,Female,Single,2,6815,4
29,No,Travel_Rarely,30,Male,Single,1,4723,3
35,No,Travel_Rarely,100,Female,Single,2,6142,4
39,No,Travel_Rarely,60,Male,Married,3,8237,5
29,No,Travel_Frequently,20,Male,Divorced,2,8853,4
50,No,Travel_Rarely,90,Male,Married,5,19331,5
23,No,Travel_Rarely,100,Male,Married,1,2073,2
36,No,Travel_Frequently,60,Male,Married,2,5562,4
42,No,Travel_Rarely,90,Male,Single,5,19613,5
35,No,Travel_Rarely,280,Male,Married,2,3407,3
34,No,Travel_Frequently,100,Male,Married,2,5063,4
40,No,Travel_Rarely,140,Female,Married,2,4639,3
43,No,Travel_Rarely,270,Male,Divorced,1,4876,3
35,No,Travel_Rarely,70,Male,Married,1,2690,3
46,No,Travel_Rarely,10,Male,Single,4,17567,5
28,Yes,Travel_Rarely,240,Male,Married,1,2408,2
22,No,Non-Travel,260,Female,Married,1,2814,3
50,No,Travel_Frequently,200,Male,Married,4,11245,5
32,No,Travel_Rarely,50,Female,Married,1,3312,3
44,No,Travel_Rarely,70,Female,Divorced,5,19049,4
30,No,Travel_Rarely,70,Male,Married,1,2141,2
45,No,Travel_Rarely,50,Female,Single,2,5769,4
45,No,Non-Travel,260,Male,Married,2,4385,3
31,No,Travel_Frequently,20,Male,Single,2,5332,4
36,No,Travel_Rarely,120,Female,Married,2,4663,3
34,No,Travel_Frequently,100,Male,Divorced,2,4724,3
49,No,Travel_Rarely,250,Female,Married,1,3211,3
39,No,Travel_Rarely,100,Male,Married,2,5377,4
27,No,Travel_Rarely,190,Male,Divorced,1,4066,3
35,No,Travel_Rarely,180,Male,Married,2,5208,4
28,No,Travel_Rarely,270,Female,Divorced,2,4877,3
21,No,Travel_Rarely,50,Male,Single,1,3117,3
18,Yes,Travel_Frequently,30,Female,Single,1,1569,2
47,No,Travel_Rarely,260,Female,Married,5,19658,5
39,No,Travel_Rarely,30,Male,Divorced,2,3069,3
40,No,Travel_Rarely,150,Female,Married,3,10435,5
35,No,Non-Travel,80,Female,Married,2,4148,3
37,No,Travel_Rarely,190,Male,Married,2,5768,4
39,No,Travel_Frequently,40,Female,Single,2,5042,4
45,No,Travel_Rarely,20,Female,Divorced,2,5770,3
38,No,Travel_Rarely,20,Female,Married,3,7756,5
35,Yes,Travel_Rarely,100,Male,Married,3,10306,5
37,No,Travel_Rarely,100,Female,Married,1,3936,3
40,No,Travel_Rarely,160,Female,Single,3,7945,5
44,No,Travel_Frequently,10,Male,Married,2,5743,4
48,No,Travel_Frequently,40,Male,Married,4,15202,5
35,Yes,Travel_Rarely,150,Male,Divorced,2,5440,3
24,No,Travel_Frequently,20,Female,Single,1,3760,3
27,No,Travel_Rarely,80,Female,Married,1,3517,3
27,No,Travel_Frequently,20,Male,Single,1,2580,3
40,Yes,Travel_Rarely,70,Male,Single,1,2166,2
29,No,Travel_Rarely,100,Male,Single,2,5869,4
36,No,Travel_Rarely,50,Female,Married,3,8008,5
25,No,Travel_Frequently,20,Male,Divorced,2,5206,3
39,No,Travel_Rarely,120,Male,Married,2,5295,4
49,No,Travel_Rarely,220,Female,Married,4,16413,5
50,No,Travel_Rarely,170,Female,Divorced,3,13269,4
20,No,Travel_Rarely,20,Female,Single,1,2783,3
34,No,Travel_Rarely,30,Female,Divorced,2,5433,3
36,No,Travel_Rarely,70,Male,Single,1,2013,2
49,No,Travel_Rarely,60,Female,Married,4,13966,5
36,No,Non-Travel,10,Female,Married,2,4374,3
36,No,Travel_Rarely,30,Male,Divorced,2,6842,3
54,No,Travel_Rarely,220,Female,Married,4,17426,5
43,No,Travel_Rarely,150,Male,Married,4,17603,5
35,Yes,Travel_Frequently,120,Male,Single,2,4581,3
38,No,Travel_Frequently,10,Male,Married,2,4735,3
29,No,Travel_Rarely,50,Male,Divorced,2,4187,3
33,No,Travel_Rarely,20,Male,Divorced,2,5505,3
32,No,Travel_Rarely,20,Male,Divorced,2,5470,3
31,No,Travel_Rarely,50,Female,Married,2,5476,4
49,No,Travel_Rarely,160,Female,Divorced,1,2587,3
38,No,Travel_Frequently,20,Female,Single,1,2440,2
47,No,Travel_Rarely,20,Female,Divorced,4,15972,4
49,No,Travel_Rarely,10,Male,Single,4,15379,5
41,No,Travel_Rarely,230,Male,Single,3,7082,5
20,No,Travel_Rarely,90,Male,Single,1,2728,3
33,No,Non-Travel,160,Female,Divorced,2,5368,3
36,No,Travel_Rarely,260,Male,Married,2,5347,4
44,No,Travel_Rarely,10,Female,Divorced,1,3195,3
23,Yes,Travel_Rarely,80,Male,Single,1,3989,3
38,No,Travel_Rarely,40,Female,Married,1,3306,3
53,No,Travel_Rarely,240,Male,Married,3,7005,5
48,Yes,Travel_Frequently,70,Female,Married,1,2655,3
32,Yes,Travel_Rarely,20,Male,Single,1,1393,1
26,No,Non-Travel,70,Male,Single,1,2570,3
55,No,Travel_Rarely,220,Male,Divorced,1,3537,3
34,No,Travel_Rarely,50,Male,Married,2,3986,3
60,No,Travel_Rarely,10,Male,Divorced,3,10883,4
33,No,Travel_Rarely,210,Male,Married,1,2028,2
37,No,Travel_Frequently,10,Male,Divorced,2,9525,4
34,No,Travel_Rarely,190,Female,Married,1,2929,3
23,Yes,Travel_Rarely,70,Male,Divorced,1,2275,2
44,No,Travel_Rarely,20,Female,Married,3,7879,5
35,No,Travel_Frequently,20,Male,Single,1,4930,3
43,No,Travel_Rarely,20,Male,Married,2,7847,5
24,No,Travel_Rarely,90,Male,Married,1,4401,3
41,No,Travel_Rarely,60,Male,Single,3,9241,5
29,No,Travel_Rarely,90,Female,Married,1,2974,3
36,No,Travel_Rarely,20,Female,Single,2,4502,3
45,No,Non-Travel,10,Male,Married,3,10748,5
24,Yes,Travel_Rarely,220,Male,Married,1,1555,2
47,Yes,Travel_Frequently,90,Male,Married,4,12936,5
26,No,Travel_Rarely,170,Male,Married,1,2305,2
45,No,Travel_Rarely,280,Female,Single,4,16704,5
32,No,Travel_Frequently,100,Male,Married,1,3433,3
31,No,Travel_Rarely,20,Male,Married,1,3477,3
41,No,Non-Travel,40,Male,Married,2,6430,4
40,No,Travel_Rarely,80,Female,Married,2,6516,4
24,No,Travel_Rarely,290,Male,Divorced,1,3907,3
46,No,Travel_Rarely,130,Male,Single,2,5562,4
35,No,Travel_Rarely,270,Male,Married,2,6883,4
30,No,Travel_Rarely,160,Male,Married,1,2862,3
47,No,Non-Travel,20,Male,Married,2,4978,3
46,No,Travel_Rarely,20,Male,Divorced,3,10368,4
36,Yes,Travel_Rarely,130,Male,Divorced,2,6134,3
32,Yes,Travel_Rarely,10,Male,Single,2,6735,4
23,No,Travel_Rarely,40,Female,Single,1,3295,3
31,No,Travel_Frequently,240,Female,Single,2,5238,4
39,No,Non-Travel,10,Male,Married,2,6472,4
32,No,Travel_Rarely,190,Male,Married,3,9610,5
40,No,Travel_Rarely,70,Male,Single,5,19833,5
45,No,Travel_Rarely,40,Female,Married,3,9756,5
30,No,Travel_Frequently,20,Female,Single,1,4968,3
24,No,Travel_Frequently,100,Male,Married,1,2145,2
30,Yes,Travel_Frequently,80,Female,Divorced,1,2180,2
31,No,Travel_Rarely,50,Male,Married,2,8346,5
27,No,Travel_Rarely,80,Female,Single,1,3445,3
29,Yes,Travel_Rarely,90,Female,Single,1,2760,3
29,No,Travel_Frequently,10,Male,Single,2,6294,4
30,No,Travel_Rarely,150,Male,Divorced,3,7140,4
34,No,Travel_Rarely,20,Male,Married,1,2932,3
33,No,Non-Travel,20,Female,Single,2,5147,4
49,No,Travel_Rarely,110,Female,Single,2,4507,3
33,Yes,Travel_Rarely,160,Female,Single,3,8564,5
38,No,Travel_Frequently,20,Female,Married,1,2468,2
31,Yes,Travel_Rarely,160,Male,Married,3,8161,5
29,No,Travel_Rarely,40,Female,Divorced,1,2109,2
30,No,Travel_Rarely,160,Male,Married,2,5294,4
32,No,Non-Travel,50,Male,Single,1,2718,3
38,No,Travel_Rarely,180,Male,Married,2,5811,4
43,Yes,Travel_Frequently,170,Male,Married,1,2437,2
42,No,Travel_Rarely,120,Male,Divorced,1,2766,3
55,No,Travel_Rarely,20,Male,Married,5,19038,5
33,No,Non-Travel,40,Male,Divorced,2,3055,3
41,No,Travel_Rarely,90,Male,Divorced,1,2289,2
34,No,Non-Travel,100,Male,Divorced,2,4001,3
53,No,Non-Travel,10,Female,Married,4,12965,5
43,No,Travel_Rarely,20,Male,Single,1,3539,3
34,No,Travel_Rarely,30,Female,Single,2,6029,4
21,Yes,Travel_Rarely,70,Male,Single,1,2679,3
38,No,Travel_Rarely,60,Female,Married,1,3702,3
22,Yes,Travel_Rarely,80,Female,Married,1,2398,2
31,No,Travel_Rarely,290,Female,Married,2,5468,4
51,No,Travel_Rarely,30,Female,Married,3,13116,5
37,No,Travel_Rarely,90,Male,Married,2,4189,3
46,No,Travel_Rarely,20,Male,Divorced,5,19328,4
36,No,Travel_Rarely,100,Male,Married,3,8321,5
44,Yes,Travel_Frequently,10,Male,Divorced,1,2342,2
37,No,Travel_Rarely,80,Male,Divorced,2,4071,3
35,Yes,Travel_Rarely,270,Male,Single,2,5813,4
33,No,Travel_Rarely,80,Male,Married,1,3143,3
28,No,Travel_Rarely,10,Male,Married,1,2044,2
39,No,Travel_Rarely,100,Male,Single,3,13464,5
46,No,Non-Travel,260,Male,Single,2,7991,5
40,No,Travel_Rarely,20,Female,Married,1,3377,3
42,No,Travel_Rarely,130,Male,Married,2,5538,4
35,No,Non-Travel,20,Male,Divorced,2,5762,3
38,No,Non-Travel,20,Male,Divorced,1,2592,3
34,Yes,Travel_Frequently,90,Male,Married,2,5346,4
37,Yes,Travel_Rarely,100,Male,Single,2,4213,3
39,No,Travel_Frequently,200,Male,Divorced,2,4127,3
43,No,Non-Travel,90,Male,Single,1,2438,2
41,No,Travel_Rarely,50,Male,Single,2,6870,4
41,No,Travel_Rarely,40,Female,Divorced,3,10447,4
30,No,Travel_Rarely,100,Female,Single,3,9667,5
26,Yes,Travel_Rarely,200,Female,Married,1,2148,2
46,Yes,Travel_Rarely,210,Female,Married,2,8926,5
40,No,Travel_Rarely,10,Female,Divorced,2,6513,3
34,No,Travel_Rarely,80,Male,Married,2,6799,4
58,No,Non-Travel,20,Male,Divorced,4,16291,4
35,No,Travel_Rarely,230,Male,Married,1,2705,3
47,No,Travel_Rarely,40,Female,Divorced,3,10333,4
40,No,Travel_Rarely,120,Female,Divorced,2,4448,3
54,No,Travel_Rarely,70,Female,Married,2,6854,4
31,No,Travel_Frequently,70,Female,Married,3,9637,5
28,No,Travel_Rarely,10,Female,Married,1,3591,3
38,No,Travel_Rarely,20,Female,Married,2,5405,4
26,No,Travel_Rarely,100,Male,Single,2,4684,3
58,No,Travel_Frequently,150,Male,Married,4,15787,5
18,No,Non-Travel,140,Female,Single,1,1514,2
31,Yes,Travel_Rarely,180,Male,Married,1,2956,3
29,Yes,Travel_Rarely,130,Male,Divorced,1,2335,2
45,No,Non-Travel,20,Female,Married,2,5154,4
36,No,Travel_Rarely,20,Female,Married,2,6962,4
43,No,Travel_Frequently,20,Male,Married,2,5675,4
27,No,Travel_Frequently,50,Female,Single,1,2379,2
29,No,Travel_Frequently,200,Male,Married,1,3812,3
32,No,Travel_Frequently,100,Male,Single,2,4648,3
42,No,Non-Travel,100,Male,Married,1,2936,3
47,No,Travel_Rarely,90,Female,Single,1,2105,2
46,No,Travel_Rarely,20,Male,Divorced,3,8578,4
28,No,Non-Travel,10,Male,Divorced,1,2706,3
29,No,Travel_Rarely,290,Male,Divorced,2,6384,3
42,No,Travel_Rarely,80,Male,Single,1,3968,3
32,Yes,Travel_Rarely,20,Male,Single,2,9907,5
46,No,Travel_Rarely,30,Female,Divorced,4,13225,4
27,No,Travel_Rarely,230,Female,Married,2,3540,3
29,No,Travel_Rarely,60,Male,Married,1,2804,3
43,No,Travel_Rarely,60,Female,Married,5,19392,5
48,No,Travel_Rarely,100,Male,Married,5,19665,5
29,Yes,Travel_Frequently,240,Male,Single,1,2439,2
46,Yes,Travel_Rarely,100,Female,Married,3,7314,5
27,No,Travel_Frequently,150,Female,Married,1,4774,3
39,No,Travel_Rarely,190,Male,Divorced,2,3902,3
55,No,Travel_Rarely,20,Male,Married,1,2662,3
28,No,Travel_Rarely,30,Female,Married,1,2856,3
30,Yes,Travel_Rarely,90,Male,Single,1,1081,1
22,Yes,Travel_Rarely,70,Male,Single,1,2472,2
36,No,Travel_Rarely,100,Female,Married,2,5673,4
31,No,Travel_Rarely,200,Male,Divorced,2,4197,3
34,No,Travel_Rarely,40,Male,Married,3,9713,5
29,No,Travel_Rarely,70,Male,Single,1,2062,2
37,No,Travel_Rarely,70,Male,Married,2,4284,3
35,No,Travel_Rarely,160,Female,Married,2,4788,3
45,No,Travel_Rarely,250,Female,Married,2,5906,4
36,No,Travel_Frequently,20,Male,Single,2,3886,3
40,No,Travel_Rarely,10,Male,Divorced,4,16823,4
26,No,Travel_Rarely,10,Female,Married,1,2933,3
27,No,Travel_Rarely,20,Female,Single,2,6500,4
48,No,Travel_Frequently,220,Female,Divorced,4,17174,4
44,No,Travel_Rarely,10,Male,Married,2,5033,4
34,Yes,Non-Travel,160,Male,Married,1,2307,2
56,Yes,Travel_Rarely,240,Male,Single,1,2587,3
36,No,Travel_Rarely,170,Male,Married,2,5507,4
41,No,Travel_Rarely,80,Female,Married,2,4393,3
42,No,Travel_Rarely,60,Male,Married,3,13348,5
31,No,Travel_Rarely,100,Female,Divorced,2,6583,3
34,No,Travel_Rarely,30,Female,Married,2,8103,5
31,No,Travel_Rarely,40,Female,Divorced,1,3978,3
26,No,Travel_Frequently,60,Male,Married,1,2544,3
45,No,Travel_Frequently,10,Male,Single,2,5399,4
33,No,Travel_Rarely,100,Male,Single,2,5487,4
28,No,Travel_Frequently,10,Male,Married,2,6834,4
29,Yes,Travel_Frequently,240,Male,Single,1,1091,1
39,No,Non-Travel,210,Female,Married,2,5736,4
27,No,Travel_Rarely,20,Male,Married,1,2226,2
34,No,Travel_Frequently,220,Male,Married,2,5747,4
28,Yes,Travel_Rarely,130,Female,Single,2,9854,5
47,No,Non-Travel,140,Male,Married,2,5467,4
56,No,Travel_Rarely,110,Female,Married,2,5380,4
39,No,Travel_Rarely,90,Male,Married,2,5151,4
38,No,Travel_Frequently,80,Female,Divorced,2,2133,2
58,No,Travel_Rarely,210,Female,Married,4,17875,5
32,Yes,Travel_Frequently,50,Female,Single,1,2432,2
38,No,Travel_Rarely,90,Male,Divorced,1,4771,3
49,No,Travel_Frequently,20,Male,Married,5,19161,5
42,No,Travel_Rarely,120,Male,Divorced,2,5087,3
27,Yes,Travel_Frequently,220,Female,Married,1,2863,3
35,No,Travel_Rarely,180,Male,Married,2,5561,4
28,No,Non-Travel,160,Male,Single,1,2144,2
31,No,Non-Travel,30,Male,Divorced,1,3065,3
36,No,Non-Travel,90,Male,Married,1,2810,3
34,No,Travel_Rarely,10,Male,Single,3,9888,5
34,No,Travel_Rarely,130,Male,Divorced,3,8628,4
26,No,Travel_Rarely,10,Male,Single,1,2867,3
29,No,Travel_Rarely,10,Male,Married,2,5373,4
32,No,Non-Travel,150,Female,Divorced,2,6667,3
31,No,Travel_Frequently,10,Male,Married,2,5003,4
28,Yes,Travel_Rarely,170,Male,Divorced,1,2367,2
38,No,Travel_Rarely,10,Male,Single,1,2858,3
35,No,Travel_Rarely,70,Female,Married,2,5204,4
27,No,Travel_Rarely,90,Male,Single,2,4105,3
32,No,Travel_Rarely,50,Male,Single,2,9679,5
31,Yes,Travel_Frequently,260,Male,Married,2,5617,4
53,Yes,Travel_Rarely,240,Male,Single,3,10448,5
54,No,Travel_Rarely,90,Female,Married,2,2897,3
33,No,Travel_Frequently,70,Male,Divorced,2,5968,3
43,No,Travel_Rarely,110,Male,Married,3,7510,5
38,No,Travel_Frequently,10,Male,Married,1,2991,3
55,No,Travel_Rarely,260,Male,Married,5,19636,5
31,No,Travel_Rarely,20,Female,Divorced,1,1129,1
39,No,Travel_Rarely,150,Male,Single,4,13341,5
42,No,Non-Travel,230,Male,Single,2,4332,3
31,No,Non-Travel,100,Female,Married,3,11031,5
54,No,Travel_Rarely,100,Female,Single,2,4440,3
24,No,Travel_Rarely,10,Male,Single,2,4617,3
23,No,Travel_Rarely,120,Male,Single,1,2647,3
40,No,Travel_Frequently,110,Female,Married,2,6323,4
40,No,Travel_Rarely,20,Female,Married,2,5677,4
25,No,Travel_Rarely,20,Female,Married,1,2187,2
30,No,Travel_Rarely,10,Male,Married,1,3748,3
25,No,Travel_Rarely,20,Male,Divorced,1,3977,3
47,No,Travel_Rarely,250,Male,Single,3,8633,5
33,No,Non-Travel,10,Male,Divorced,1,2008,2
38,No,Travel_Rarely,10,Male,Married,2,4440,3
31,No,Travel_Rarely,20,Male,Married,1,3067,3
38,No,Travel_Frequently,60,Male,Married,2,5321,4
42,No,Travel_Rarely,180,Male,Divorced,2,5410,3
41,No,Travel_Rarely,10,Male,Married,1,2782,3
47,No,Non-Travel,10,Female,Married,3,11957,5
35,No,Travel_Rarely,110,Male,Married,1,2660,3
22,No,Travel_Rarely,10,Male,Single,1,3375,3
35,No,Travel_Rarely,90,Male,Single,2,5098,4
33,No,Travel_Rarely,150,Female,Married,2,4878,3
32,No,Travel_Rarely,290,Female,Single,1,2837,3
40,No,Travel_Rarely,10,Male,Married,1,2406,2
32,No,Travel_Rarely,10,Male,Married,1,2269,2
39,No,Travel_Rarely,240,Male,Single,2,4108,3
38,No,Travel_Rarely,100,Female,Married,3,13206,5
32,No,Travel_Rarely,10,Female,Married,3,10422,5
37,No,Travel_Rarely,100,Female,Married,3,13744,5
25,No,Travel_Rarely,80,Female,Divorced,2,4907,3
52,No,Non-Travel,290,Male,Divorced,1,3482,3
44,No,Travel_Rarely,10,Male,Single,1,2436,2
21,No,Travel_Rarely,50,Male,Single,1,2380,2
39,No,Non-Travel,90,Male,Single,5,19431,5
23,Yes,Travel_Frequently,90,Male,Married,1,1790,2
36,No,Travel_Rarely,30,Female,Married,3,7644,5
36,No,Travel_Frequently,40,Female,Divorced,2,5131,3
56,No,Non-Travel,10,Male,Divorced,2,6306,3
29,Yes,Travel_Rarely,10,Male,Married,1,4787,3
42,No,Travel_Rarely,20,Male,Married,5,18880,5
56,Yes,Travel_Rarely,70,Male,Married,1,2339,2
41,No,Travel_Rarely,280,Female,Married,4,13570,5
34,No,Travel_Rarely,280,Female,Married,2,6712,4
36,No,Non-Travel,150,Male,Divorced,2,5406,3
41,No,Travel_Rarely,30,Male,Divorced,2,8938,4
32,No,Travel_Rarely,20,Male,Single,1,2439,2
35,No,Travel_Rarely,260,Female,Single,3,8837,5
38,No,Travel_Rarely,100,Female,Married,2,5343,4
50,Yes,Travel_Frequently,10,Male,Divorced,2,6728,3
36,No,Travel_Rarely,110,Female,Married,2,6652,4
45,No,Travel_Rarely,200,Female,Single,2,4850,3
40,No,Travel_Rarely,20,Male,Single,1,2809,3
35,No,Travel_Frequently,180,Male,Married,2,5689,4
40,No,Travel_Rarely,20,Female,Married,1,2001,2
35,No,Travel_Rarely,10,Female,Married,1,2977,3
29,No,Travel_Rarely,130,Male,Married,2,4025,3
29,No,Travel_Rarely,280,Female,Single,1,3785,3
50,Yes,Travel_Rarely,280,Male,Divorced,3,10854,4
39,No,Travel_Rarely,240,Female,Married,4,12031,5
31,No,Non-Travel,50,Male,Single,2,9936,5
26,No,Travel_Rarely,50,Female,Single,1,2966,3
36,No,Travel_Frequently,230,Male,Married,2,2571,3
39,No,Travel_Rarely,60,Male,Married,3,9991,5
27,No,Travel_Rarely,40,Male,Married,2,6142,4
49,No,Travel_Frequently,20,Male,Married,2,5390,4
34,No,Travel_Rarely,80,Male,Married,2,4404,3